variant,mean,std,count
negative,-0.5515510654298349,0.3728222362790691,3
neutral,0.30394792709727253,0.7041338992010345,3
positive,0.32880629989724186,0.6289909385730761,3
